{
  "result": [
    {
      "title": "工银瑞信产业债债券A",
      "code": "000045",
      "status": "持有",
      "detail": [
        {
          "sub_title": "净值",
          "value": "1.5270",
          "rate": "-0.20%",
          "time": "01-07"
        },
        {
          "sub_title": "估值",
          "value": "1.5270",
          "rate": "-0.20%",
          "time": "01-07"
        },
        {
          "sub_title": "添加后收益",
          "value": "1.5270",
          "rate": "-0.20%",
          "time": "01-07"
        },
        {
          "sub_title": "近一周",
          "value": "1.5270",
          "rate": "-0.20%",
          "time": "01-07"
        },
        {
          "sub_title": "近1月",
          "value": "1.5270",
          "rate": "-0.20%",
          "time": "01-07"
        },
        {
          "sub_title": "近3月",
          "value": "1.5270",
          "rate": "-0.20%",
          "time": "01-07"
        },
        {
          "sub_title": "近6月",
          "value": "1.5270",
          "rate": "-0.20%",
          "time": "01-07"
        },
        {
          "sub_title": "近1年",
          "value": "1.5270",
          "rate": "-0.20%",
          "time": "01-07"
        },
        {
          "sub_title": "近2年",
          "value": "1.5270",
          "rate": "-0.20%",
          "time": "01-07"
        },
        {
          "sub_title": "近3年",
          "value": "1.5270",
          "rate": "-0.20%",
          "time": "01-07"
        },
        {
          "sub_title": "近6年",
          "value": "1.5270",
          "rate": "-0.20%",
          "time": "01-07"
        }
      ]
    }
  ]
}